{
    "collectionName": "components_business_program",
    "info": {
        "displayName": "Program"
    },
    "attributes": {
        "title": {
            "type": "string"
        },
        "subtitle": {
            "type": "string"
        },
        "description": {
            "type": "text"
        },
        "iconName": {
            "type": "string"
        },
        "color": {
            "type": "string"
        },
        "href": {
            "type": "string"
        },
        "requirements": {
            "type": "component",
            "component": "shared.list-item",
            "repeatable": true
        }
    }
}
