{
    "kind": "singleType",
    "collectionName": "success_landings",
    "info": {
        "singularName": "success-landing",
        "pluralName": "success-landings",
        "displayName": "Success Landing",
        "description": "Landing page for Success Stories"
    },
    "options": { "draftAndPublish": true },
    "pluginOptions": { "i18n": { "localized": true } },
    "attributes": {
        "title": { "type": "string", "pluginOptions": { "i18n": { "localized": true } } },
        "description": { "type": "text", "pluginOptions": { "i18n": { "localized": true } } },
        "blocks": {
            "type": "dynamiczone",
            "components": [
                "blocks.hero",
                "blocks.stats-grid",
                "blocks.story-carousel",
                "blocks.testimonials-grid",
                "blocks.video-grid",
                "blocks.cta-section"
            ],
            "pluginOptions": { "i18n": { "localized": true } }
        }
    }
}
