{
    "kind": "collectionType",
    "collectionName": "services",
    "info": {
        "singularName": "service",
        "pluralName": "services",
        "displayName": "Service"
    },
    "options": {
        "draftAndPublish": true
    },
    "pluginOptions": {
        "i18n": {
            "localized": true
        }
    },
    "attributes": {
        "title": {
            "type": "string",
            "pluginOptions": {
                "i18n": {
                    "localized": true
                }
            },
            "required": true
        },
        "slug": {
            "type": "uid",
            "pluginOptions": {
                "i18n": {
                    "localized": true
                }
            },
            "targetField": "title"
        },
        "summary": {
            "type": "text",
            "pluginOptions": {
                "i18n": {
                    "localized": true
                }
            }
        },
        "featuredImage": {
            "type": "media",
            "pluginOptions": {
                "i18n": {
                    "localized": true
                }
            },
            "multiple": false,
            "allowedTypes": [
                "images",
                "files"
            ]
        },
        "blocks": {
            "type": "dynamiczone",
            "pluginOptions": {
                "i18n": {
                    "localized": true
                }
            },
            "components": [
                "blocks.services",
                "blocks.process-steps-block",
                "blocks.hero",
                "blocks.heading-section",
                "blocks.card-grid",
                "blocks.business-immigration",
                "blocks.application-process",
                "blocks.comparison-grid",
                "blocks.service-variant-cards",
                "blocks.fee-cards",
                "blocks.split-feature"
            ]
        },
        "documents": {
            "type": "media",
            "pluginOptions": {
                "i18n": {
                    "localized": true
                }
            },
            "multiple": true,
            "allowedTypes": [
                "images",
                "files",
                "videos",
                "audios"
            ]
        },
        "seoTitle": {
            "type": "string",
            "pluginOptions": {
                "i18n": {
                    "localized": true
                }
            }
        },
        "seoDescription": {
            "type": "text",
            "pluginOptions": {
                "i18n": {
                    "localized": true
                }
            }
        },
        "ogImage": {
            "type": "media",
            "pluginOptions": {
                "i18n": {
                    "localized": true
                }
            },
            "multiple": false,
            "allowedTypes": [
                "images"
            ]
        },
        "category": {
            "type": "relation",
            "relation": "manyToOne",
            "target": "api::service-category.service-category",
            "inversedBy": "services"
        }
    }
}
