{
    "collectionName": "components_shared_buttons",
    "info": {
        "displayName": "Button",
        "icon": "external-link",
        "description": "Reusable button with type, label, and link"
    },
    "attributes": {
        "label": {
            "type": "string",
            "required": false
        },
        "url": {
            "type": "string",
            "required": false
        },
        "variant": {
            "type": "enumeration",
            "default": "default",
            "enum": [
                "default",
                "secondary",
                "destructive",
                "link",
                "outline"
            ]
        },
        "icon": {
            "type": "string"
        },
        "newTab": {
            "type": "boolean"
        },
        "emailSubject": {
            "type": "string"
        }
    }
}
