{
    "collectionName": "components_shared_contact_details",
    "info": {
        "displayName": "Contact Detail",
        "description": "Single contact detail item for footer contact section."
    },
    "options": {},
    "attributes": {
        "label": {
            "type": "string"
        },
        "value": {
            "type": "string",
            "required": true
        },
        "type": {
            "type": "enumeration",
            "enum": ["phone", "email", "location", "other"],
            "default": "other"
        },
        "href": {
            "type": "string"
        }
    }
}
