{
    "collectionName": "components_shared_nav_links",
    "info": {
        "displayName": "Nav Link",
        "icon": "link",
        "description": "Navigation link with optional dropdown"
    },
    "attributes": {
        "label": {
            "type": "string",
            "required": false
        },
        "url": {
            "type": "string",
            "required": false
        },
        "icon": {
            "type": "string"
        },
        "dropdown": {
            "type": "component",
            "component": "shared.nav-dropdown-link",
            "repeatable": true
        },
        "image": {
            "type": "media",
            "multiple": false,
            "allowedTypes": [
                "images"
            ]
        }
    }
}
