{
    "collectionName": "components_blocks_service_variants",
    "info": {
        "displayName": "Service Variant",
        "icon": "layout",
        "description": "Single service option (e.g., Inland / Outland)"
    },
    "options": {},
    "attributes": {
        "title": {
            "type": "string",
            "required": true
        },
        "description": {
            "type": "text"
        },
        "icon": {
            "type": "string"
        },
        "color": {
            "type": "string"
        },
        "features": {
            "type": "component",
            "repeatable": true,
            "component": "shared.list-item"
        },
        "processingTime": {
            "type": "string"
        },
        "startingPrice": {
            "type": "string"
        },
        "href": {
            "type": "string"
        },
        "extra": {
            "type": "text"
        }
    }
}
