{
    "collectionName": "components_shared_social_links",
    "info": {
        "displayName": "Social Link",
        "icon": "link",
        "description": "A social media or external link for the site"
    },
    "attributes": {
        "platform": {
            "type": "string",
            "required": true
        },
        "url": {
            "type": "string",
            "required": true
        },
        "icon": {
            "type": "string",
            "required": false
        }
    }
}
