{
    "collectionName": "components_layout_footers",
    "info": {
        "displayName": "Footer"
    },
    "options": {},
    "attributes": {
        "FooterLinks": {
            "type": "component",
            "component": "shared.nav-link",
            "repeatable": true
        },
        "ContactDetails": {
            "type": "component",
            "component": "shared.contact-detail",
            "repeatable": true
        },
        "FooterCopyright": {
            "type": "string"
        }
    },
    "config": {}
}
