{
    "collectionName": "components_blocks_card_grids",
    "info": {
        "displayName": "Card Grid"
    },
    "options": {},
    "attributes": {
        "Heading": {
            "type": "string"
        },
        "description": {
            "type": "text"
        },
        "Cards": {
            "type": "component",
            "component": "shared.card",
            "repeatable": true
        },
        "link": {
            "type": "component",
            "component": "shared.button",
            "repeatable": false
        }
    },
    "config": {}
}
