{
    "collectionName": "components_blocks_comparison_grids",
    "info": { "displayName": "Comparison Grid" },
    "attributes": {
        "Heading": { "type": "string" },
        "description": { "type": "text" },
        "columns": {
            "type": "component",
            "repeatable": true,
            "component": "shared.list-item"
        },
        "rows": {
            "type": "component",
            "repeatable": true,
            "component": "shared.comparison-row"
        }
    }
}
