{
    "collectionName": "components_blocks_heading_sections",
    "info": {
        "displayName": "Heading Section"
    },
    "options": {},
    "attributes": {
        "Heading": {
            "type": "string"
        },
        "description": {
            "type": "text"
        },
        "cta": {
            "type": "component",
            "component": "shared.button",
            "repeatable": false
        },
        "icon": {
            "type": "string"
        },
        "image": { "type": "media", "multiple": false, "allowedTypes": ["images"] }
    },
    "config": {}
}
