{
    "collectionName": "components_blocks_heroes",
    "info": {
        "displayName": "Hero"
    },
    "options": {},
    "attributes": {
        "icon": {
            "type": "string"
        },
        "Title": {
            "type": "string"
        },
        "Subtitle": {
            "type": "string"
        },
        "description": {
            "type": "richtext"
        },
        "ctas": {
            "type": "component",
            "component": "shared.button",
            "repeatable": true
        },
        "image": {
            "type": "media",
            "multiple": false,
            "allowedTypes": [
                "images",
                "files",
                "videos",
                "audios"
            ]
        }
    },
    "config": {}
}
