{
    "collectionName": "components_blocks_service_variant_cards",
    "info": {
        "displayName": "Service Variant Cards",
        "icon": "grid",
        "description": "Heading + a list of service variant cards"
    },
    "options": {},
    "attributes": {
        "Heading": {
            "type": "string"
        },
        "services": {
            "type": "component",
            "repeatable": true,
            "component": "shared.service-variant",
            "required": true
        }
    }
}
