{
    "kind": "collectionType",
    "collectionName": "service_categories",
    "info": {
        "singularName": "service-category",
        "pluralName": "service-categories",
        "displayName": "Service Category"
    },
    "options": {
        "draftAndPublish": true
    },
    "pluginOptions": {},
    "attributes": {
        "name": {
            "type": "string",
            "required": true
        },
        "slug": {
            "type": "uid",
            "targetField": "name"
        },
        "description": {
            "type": "text"
        },
        "services": {
            "type": "relation",
            "relation": "oneToMany",
            "target": "api::service.service",
            "mappedBy": "category"
        },
        "icon": {
            "type": "string"
        }
    }
}
