{
    "kind": "singleType",
    "collectionName": "contact_landings",
    "info": {
        "singularName": "contact-landing",
        "pluralName": "contact-landings",
        "displayName": "Contact Landing"
    },
    "options": { "draftAndPublish": true },
    "pluginOptions": { "i18n": { "localized": true } },
    "attributes": {
        "blocks": {
            "type": "dynamiczone",
            "components": [
                "blocks.hero",
                "blocks.contact-card",
                "blocks.contact-form",
                "blocks.calendly",
                "blocks.faq"
            ],
            "pluginOptions": { "i18n": { "localized": true } }
        }
    }
}
