{
    "kind": "singleType",
    "collectionName": "homepages",
    "info": {
        "singularName": "homepage",
        "pluralName": "homepages",
        "displayName": "Homepage"
    },
    "options": {
        "draftAndPublish": true
    },
    "pluginOptions": {
        "i18n": {
            "localized": true
        }
    },
    "attributes": {
        "title": {
            "type": "string",
            "pluginOptions": {
                "i18n": {
                    "localized": true
                }
            }
        },
        "description": {
            "type": "text",
            "pluginOptions": {
                "i18n": {
                    "localized": true
                }
            }
        },
        "blocks": {
            "type": "dynamiczone",
            "pluginOptions": {
                "i18n": {
                    "localized": true
                }
            },
            "components": [
                "blocks.hero",
                "blocks.heading-section",
                "blocks.services",
                "blocks.card-grid",
                "blocks.split-feature"
            ]
        }
    }
}
